harmonic_number,v_out_rms_v
1,28.6121250132822
2,2.02851104643819e-05
3,0.00918388958747717
4,2.02851074619999e-05
5,0.00869384544549592
6,2.02851024560564e-05
7,0.00208060666282542
8,2.02850954482402e-05
9,0.015106938957975
10,2.02850864406327e-05
11,0.0115495274487432
12,2.02850754293004e-05
13,0.00379050993386215
14,2.02850624157144e-05
15,0.00661241082128862
16,2.02850473955128e-05
17,0.0191360045800825
18,2.02850303851106e-05
19,0.011985314520408
20,2.02850113654085e-05
21,0.00701527554442478
22,2.02849903434781e-05
23,0.0228335275270201
24,2.02849673231149e-05
25,0.018962907679109
26,2.02849422985558e-05
27,0.00460465611718877
28,2.0284915271731e-05
29,0.0196400697947874
30,2.0284886242911e-05
31,0.0405414698429891
32,2.0284855214672e-05
33,0.0422443876248405
34,2.02848221803567e-05
35,0.0317229735507196
36,2.02847871494385e-05
37,0.00352122517928297
38,2.02847501105264e-05
39,0.00537830309694133
40,2.02847110709591e-05
41,0.0136731897035972
42,2.02846700298519e-05
43,0.0115307832887149
44,2.02846269883842e-05
45,0.00562056859440594
46,2.02845819444739e-05
47,0.0293463304282328
48,2.02845348995154e-05
49,0.0072568826235518
50,2.02844858424601e-05
